datetime,price
2025-04-22 18:09:08.855,91486.13734433235
2025-04-22 19:04:49.028,91502.62798566568
2025-04-22 20:09:47.284,91443.57232155654
2025-04-22 21:00:38.567,91181.31706325726
2025-04-22 22:04:55.837,92780.03301369656
2025-04-22 23:09:36.120,92890.82073039186
2025-04-23 00:04:39.568,93518.26130183092
2025-04-23 01:05:14.054,92980.77660341187
2025-04-23 02:08:21.982,92765.40196195075
2025-04-23 03:09:19.281,92861.56559827678
2025-04-23 04:09:17.111,93191.46336099145
2025-04-23 05:04:47.950,93539.16589703153
2025-04-23 06:01:08.330,93533.65711519695
2025-04-23 07:04:38.108,93680.63487801861
2025-04-23 08:09:29.580,93966.3329099382
2025-04-23 09:04:04.276,94294.96451438825
2025-04-23 10:06:57.683,93845.59854642389
2025-04-23 11:08:12.769,93715.60255843068
2025-04-23 12:04:45.244,93491.06534555122
2025-04-23 13:04:53.536,93772.95768584043
2025-04-23 14:04:59.472,93257.51177479739
2025-04-23 15:00:30.700,93028.64308888822
2025-04-23 16:04:26.279,93025.32634165006
2025-04-23 17:04:59.304,93660.67063956453
2025-04-23 18:04:55.546,93871.60137754977
2025-04-23 19:04:44.865,93702.96947748295
2025-04-23 20:04:33.892,93534.41629158678
2025-04-23 21:04:42.310,93720.32472543613
2025-04-23 22:05:59.898,93457.78218613163
2025-04-23 23:06:23.353,93775.79949419561
2025-04-24 00:05:09.302,93692.84058767844
2025-04-24 01:05:33.201,93433.21370990733
2025-04-24 02:04:52.135,93559.06623076717
2025-04-24 03:09:34.846,93177.55820369317
2025-04-24 04:06:27.582,92791.86738499445
2025-04-24 05:22:45.076,92830.13674508072
2025-04-24 06:24:09.724,92422.33360998418
2025-04-24 07:14:50.774,92481.314870863
2025-04-24 08:00:46.344,92215.58688600673
2025-04-24 09:04:47.074,91979.55746381238
2025-04-24 10:04:52.429,92439.36671109166
2025-04-24 11:04:44.572,92612.10443532834
2025-04-24 12:04:51.441,92619.17159627969
2025-04-24 13:04:57.746,92758.39429904126
2025-04-24 14:04:57.416,92792.50515530353
2025-04-24 15:09:28.467,93148.31526966579
2025-04-24 16:04:56.308,93263.62351695224
2025-04-24 17:09:48.436,93440.4683204101
2025-04-24 18:04:53.816,93008.71420843324
2025-04-24 19:04:47.205,93426.4096716433
2025-04-24 20:04:41.416,93646.9616071421
2025-04-24 21:04:09.109,93499.2338094935
2025-04-24 22:00:03.429,93368.35893682836
2025-04-24 23:01:45.573,93463.48432069764
2025-04-25 00:06:42.330,93950.39664992713
2025-04-25 01:09:27.251,93937.73291095014
2025-04-25 02:02:10.684,93724.29216200934
2025-04-25 03:07:12.949,93056.1298372759
2025-04-25 04:04:33.377,93340.28087687395
2025-04-25 05:04:50.391,93109.0023842389
2025-04-25 06:06:28.892,93263.24896812698
2025-04-25 07:00:20.630,93584.09278760613
2025-04-25 08:03:34.573,93768.70443780805
2025-04-25 09:09:35.239,93672.32266122216
2025-04-25 10:04:41.302,93826.3479104858
2025-04-25 11:02:51.869,93667.68760388183
2025-04-25 12:09:31.092,94610.85462379066
2025-04-25 13:04:42.627,94458.97869936838
2025-04-25 14:04:51.968,94489.4100285538
2025-04-25 15:04:54.616,95501.30690513337
2025-04-25 16:01:32.073,95132.21312364972
2025-04-25 17:02:18.402,95292.65874105405
2025-04-25 18:09:48.085,94715.48156893643
2025-04-25 19:04:59.896,95057.4656296913
2025-04-25 20:02:49.627,95182.4305032165
2025-04-25 21:05:59.576,94953.82159752958
2025-04-25 22:04:47.983,94682.09884824745
2025-04-25 23:04:42.984,94928.50897300708
2025-04-26 00:09:38.633,94800.21413700008
2025-04-26 01:05:32.469,94888.07294762752
2025-04-26 02:04:57.126,95066.6945668174
2025-04-26 03:04:39.206,95078.20905423805
2025-04-26 04:04:42.650,94791.3808696889
2025-04-26 05:06:35.268,94642.75101322084
2025-04-26 06:04:51.081,94671.43197965455
2025-04-26 07:00:03.751,94734.50640966927
2025-04-26 08:02:02.029,94687.45719807257
2025-04-26 09:00:22.845,94413.16016295046
2025-04-26 10:08:52.585,94272.05009027116
2025-04-26 11:08:01.761,94283.01021932048
2025-04-26 12:04:02.061,94189.89391089336
2025-04-26 13:09:40.469,94293.46684998806
2025-04-26 14:09:47.356,94103.96485256299
2025-04-26 15:09:59.427,94305.68621590677
2025-04-26 16:04:46.285,94400.20474084756
2025-04-26 17:04:44.853,94295.89439764651
2025-04-26 18:02:44.127,94356.36388475669
2025-04-26 19:08:36.883,94222.6479037988
2025-04-26 20:09:49.954,94375.50019793019
2025-04-26 21:09:07.622,94211.33026101453
2025-04-26 22:04:52.473,94379.96507670345
2025-04-26 23:02:10.001,94749.59569570786
2025-04-27 00:03:27.656,94665.59782689773
2025-04-27 01:04:56.964,94915.7893105099
2025-04-27 02:04:51.462,94305.62927021507
2025-04-27 03:04:56.347,94357.67472686237
2025-04-27 04:06:09.291,94208.71672021072
2025-04-27 05:05:15.825,94066.04042250656
2025-04-27 06:05:07.325,93935.71681033401
2025-04-27 07:01:52.282,94020.6114665585
2025-04-27 08:05:24.098,94099.61866309473
2025-04-27 09:04:57.311,94243.8134242909
2025-04-27 10:00:03.880,94186.57489664084
2025-04-27 11:06:23.248,94077.48711673608
2025-04-27 12:05:48.613,93951.79052641905
2025-04-27 13:12:35.272,93780.92738165492
2025-04-27 14:09:54.041,94056.02974497322
2025-04-27 15:03:14.675,94012.54230975345
2025-04-27 16:05:15.224,93931.92039415007
2025-04-27 17:04:49.764,93878.00807425859
2025-04-27 18:04:46.310,94058.43364934066
2025-04-27 19:08:06.269,94313.65279047523
2025-04-27 20:04:52.413,94438.10991685066
2025-04-27 21:04:55.766,94335.7782572878
2025-04-27 22:05:13.363,94386.94133688205
2025-04-27 23:09:36.186,93875.1098671888
2025-04-28 00:04:56.593,93801.93640023789
2025-04-28 01:01:33.167,93473.59896331423
2025-04-28 02:04:56.658,92972.1233992771
2025-04-28 03:04:37.908,93591.78111122278
2025-04-28 04:04:58.089,93898.55817619186
2025-04-28 05:01:09.877,94052.92982265026
2025-04-28 06:12:25.580,94337.99091792513
2025-04-28 07:09:21.027,94592.80364525352
2025-04-28 08:04:33.975,94719.80077278939
2025-04-28 09:04:36.188,94726.46121377338
2025-04-28 10:09:29.796,94753.04302427365
2025-04-28 11:02:52.487,95095.05194869367
2025-04-28 12:06:04.374,95209.88562041643
2025-04-28 13:02:53.485,95379.01155145206
2025-04-28 14:04:48.768,94160.65951029157
2025-04-28 15:07:34.634,94518.10809357835
2025-04-28 16:08:27.201,93743.29134255854
2025-04-28 17:09:40.584,93768.16716030957
2025-04-28 18:04:53.496,94088.3492259459
2025-04-28 19:09:23.238,94370.37788531507
2025-04-28 20:06:56.100,94724.26140981507
2025-04-28 21:06:37.946,94489.78433827849
2025-04-28 22:05:46.289,94524.79413287721
2025-04-28 23:09:41.062,94892.31622725037
2025-04-29 00:05:43.303,95023.30123616234
2025-04-29 01:09:19.570,95092.15593412973
2025-04-29 02:01:26.787,95037.6842700234
2025-04-29 03:04:53.530,94634.34775291583
2025-04-29 04:04:55.231,94711.85582595154
2025-04-29 05:04:53.801,94402.8475887107
2025-04-29 06:05:22.025,94309.34150552544
2025-04-29 07:04:52.243,94736.90399716885
2025-04-29 08:01:38.575,94945.88818709119
2025-04-29 09:07:57.608,95036.50761795617
2025-04-29 10:05:39.216,94982.69960125435
2025-04-29 11:04:36.095,94844.8964248396
2025-04-29 12:03:57.804,95138.9826524075
2025-04-29 13:09:38.716,94821.9984027527
2025-04-29 14:04:58.101,94844.97712552836
2025-04-29 15:09:44.671,95008.0858721801
2025-04-29 16:04:22.446,94884.37969661214
2025-04-29 17:04:37.831,95126.89727545314
2025-04-29 18:01:14.419,95246.67705322705
2025-04-29 19:03:27.598,95432.6412390394
2025-04-29 20:00:41.912,95352.38806277467
2025-04-29 21:04:57.772,94869.96433327574
2025-04-29 22:02:36.643,94734.09131013733
2025-04-29 23:06:44.527,94172.7308096848
2025-04-30 00:04:51.368,94274.73761715383
2025-04-30 01:04:49.115,94516.29757229747
2025-04-30 02:09:25.292,94518.40205174654
2025-04-30 03:09:22.839,94648.3447693538
2025-04-30 04:00:40.885,95025.12104407264
2025-04-30 05:04:36.956,95035.54414534067
2025-04-30 06:06:29.945,94946.4723594617
2025-04-30 07:19:28.119,94835.45943330207
2025-04-30 08:04:44.227,94613.33654937492
2025-04-30 09:09:14.860,94750.99713603835
2025-04-30 10:07:30.402,94918.12565036309
2025-04-30 11:06:02.959,94977.78012458209
2025-04-30 12:06:42.415,95184.3208761479
2025-04-30 13:10:00.008,94554.20540577683
2025-04-30 14:09:36.746,93438.4113920031
2025-04-30 15:02:25.834,93852.9834130323
2025-04-30 16:09:31.882,93960.92369309088
2025-04-30 17:17:26.505,93852.7884446117
2025-04-30 18:09:37.689,94160.41262165838
2025-04-30 19:07:16.214,94112.51913791492
2025-04-30 20:09:53.976,94243.79947751077
2025-04-30 21:11:53.463,94635.11580314163
2025-04-30 22:21:51.758,94558.76592370817
2025-04-30 23:18:01.486,94239.62198019015
2025-05-01 00:14:59.869,94286.27798563991
2025-05-01 01:14:58.749,94504.1218590692
2025-05-01 02:16:56.011,94747.50335326188
2025-05-01 03:17:20.198,94863.80495374925
2025-05-01 04:09:59.632,94810.38565218869
2025-05-01 05:09:48.776,94868.17338025161
2025-05-01 06:07:19.626,95122.89587391756
2025-05-01 07:17:51.299,94975.44965385088
2025-05-01 08:09:51.358,95012.07609052637
2025-05-01 09:04:52.862,95191.59290594971
2025-05-01 10:03:06.843,95605.38961340772
2025-05-01 11:00:09.466,96109.699924197
2025-05-01 12:09:51.732,96193.46052079443
2025-05-01 13:13:44.895,96401.97464348341
2025-05-01 14:04:50.727,95925.84792324655
2025-05-01 15:06:42.291,96749.27550848683
2025-05-01 16:06:39.128,97029.26431397643
2025-05-01 17:12:29.704,97176.44540379278
2025-05-01 18:03:00.814,96792.53145567431
2025-05-01 19:03:13.844,96867.06052048807
2025-05-01 20:09:55.033,96463.63976230014
2025-05-01 21:05:05.352,96468.24929711736
2025-05-01 22:09:45.915,96533.24903530022
2025-05-01 23:09:47.843,96346.4385297464
2025-05-02 00:04:58.777,96465.09077322687
2025-05-02 01:08:26.540,97068.51079800248
2025-05-02 02:08:48.436,96864.53630852731
2025-05-02 03:09:58.700,97058.54156171245
2025-05-02 04:09:45.690,97183.42883942672
2025-05-02 05:04:52.257,96951.50818834538
2025-05-02 06:05:54.675,96715.25683617221
2025-05-02 07:08:38.328,96702.21533716211
2025-05-02 08:09:22.935,96471.938225181
2025-05-02 09:04:54.234,96638.93322232095
2025-05-02 10:04:41.014,96682.78962027833
2025-05-02 11:04:58.715,96876.45142344802
2025-05-02 12:04:59.879,96955.62770097495
2025-05-02 13:12:58.239,97103.35603243245
2025-05-02 14:09:37.885,96929.04808700876
2025-05-02 15:14:44.556,97715.58382024213
2025-05-02 16:20:52.184,97576.91324468188
2025-05-02 17:14:57.972,97252.90131454506
2025-05-02 18:04:47.340,97426.94700917671
2025-05-02 19:08:57.712,97171.61991369829
2025-05-02 20:09:58.438,96984.40777110745
2025-05-02 21:13:14.153,97041.44181128644
2025-05-02 22:10:55.379,96738.11613131239
2025-05-02 23:02:04.680,96685.63911259717
2025-05-03 00:09:42.096,96932.91347341705
2025-05-03 01:06:48.961,96730.10192500369
2025-05-03 02:04:58.006,96523.60435697486
2025-05-03 03:02:38.338,96585.86635562367
2025-05-03 04:05:13.178,96399.3103307854
2025-05-03 05:09:40.638,96537.85554466437
2025-05-03 06:16:15.740,96380.04392946887
2025-05-03 07:09:52.564,96226.48114418039
2025-05-03 08:14:54.951,96219.45399678136
2025-05-03 09:04:51.719,96358.32950974852
2025-05-03 10:01:54.700,96278.3950554348
2025-05-03 11:08:07.233,95964.52767965854
2025-05-03 12:09:59.606,95976.4505745279
2025-05-03 13:11:12.443,96173.42460959752
2025-05-03 14:06:29.454,96321.3677258507
2025-05-03 15:09:40.895,96480.99719442788
2025-05-03 16:04:52.266,96425.31179505517
2025-05-03 17:02:55.295,96208.48935554299
2025-05-03 18:04:47.098,96183.72181610571
2025-05-03 19:09:37.000,96178.88564981271
2025-05-03 20:09:16.993,96392.32633421359
2025-05-03 21:04:45.803,96358.9081323945
2025-05-03 22:09:51.477,96279.18995625683
2025-05-03 23:07:00.511,96206.39898420339
2025-05-04 00:09:48.466,95911.57974109074
2025-05-04 01:04:57.525,95895.53297681686
2025-05-04 02:00:39.938,95915.88640420574
2025-05-04 03:05:33.685,95922.38712221736
2025-05-04 04:08:24.956,95806.54957964174
2025-05-04 05:04:53.891,95780.01377709549
2025-05-04 06:04:53.771,96064.91190994653
2025-05-04 07:09:44.106,95913.60802998614
2025-05-04 08:07:55.133,95922.80323598157
2025-05-04 09:09:18.829,95625.17286104144
2025-05-04 10:05:52.407,95523.33996950623
2025-05-04 11:04:49.618,95446.2718625732
2025-05-04 12:09:50.509,95458.83076597172
2025-05-04 13:07:11.495,95563.77480239843
2025-05-04 14:09:44.430,95378.85274818254
2025-05-04 15:02:32.122,95608.48318552892
2025-05-04 16:10:43.128,95525.92857480767
2025-05-04 17:14:56.238,95450.75277975168
2025-05-04 18:03:43.377,95430.42950592804
2025-05-04 19:08:10.747,95398.8923422279
2025-05-04 20:05:18.662,95578.93519558122
2025-05-04 21:09:59.302,95732.77578576689
2025-05-04 22:06:40.159,95492.48013580107
2025-05-04 23:09:08.045,94990.11188430124
2025-05-05 00:09:17.003,94303.45616731183
2025-05-05 01:08:03.382,94665.39195249154
2025-05-05 02:07:07.142,93904.08029713292
2025-05-05 03:04:42.661,94283.45228200975
2025-05-05 04:02:58.626,94081.95126956061
2025-05-05 05:09:13.551,94388.68665108354
2025-05-05 06:07:54.548,94662.83806875185
2025-05-05 07:08:27.610,94728.12709624284
2025-05-05 08:04:59.631,94736.51570501548
2025-05-05 09:04:43.070,94552.9528661461
2025-05-05 10:04:57.927,94588.80144204857
2025-05-05 11:04:58.578,94133.1803452243
2025-05-05 12:04:59.450,94088.5057159754
2025-05-05 13:12:53.495,94280.48803833337
2025-05-05 14:09:26.809,94365.43018781069
2025-05-05 15:09:50.134,93831.61281503776
2025-05-05 16:01:40.480,93724.80501461533
2025-05-05 17:09:53.544,94207.40183338308
2025-05-05 18:05:51.846,94488.70233451825
2025-05-05 19:04:51.322,94732.07505209661
2025-05-05 20:04:54.482,94381.49765604567
2025-05-05 21:04:41.432,94236.88089735083
2025-05-05 22:04:55.318,94712.89911153041
2025-05-05 23:04:48.592,95036.71686518363
2025-05-06 00:09:49.205,94719.67050036856
2025-05-06 01:08:59.992,94553.5512061966
2025-05-06 02:09:50.128,94311.76641275226
2025-05-06 03:05:39.897,94288.01718818802
2025-05-06 04:09:44.727,94409.2116200293
2025-05-06 05:05:00.064,94559.93816867477
2025-05-06 06:07:55.424,94372.28734827018
2025-05-06 07:04:58.471,94461.28594893696
2025-05-06 08:03:07.465,94408.13275180699
2025-05-06 09:04:56.196,94330.85226969632
2025-05-06 10:04:52.634,94175.29764102303
2025-05-06 11:09:22.112,93991.7353270022
2025-05-06 12:07:51.682,93846.01249611624
2025-05-06 13:09:33.248,93860.7540418781
2025-05-06 14:09:49.721,93903.87572706376
2025-05-06 15:12:04.775,94186.6533764946
2025-05-06 16:01:43.461,94551.00991495204
2025-05-06 17:04:56.579,94307.86688268195
2025-05-06 18:04:59.414,94534.4462606627
2025-05-06 19:06:58.191,95022.10980979039
2025-05-06 20:06:19.108,94954.2912644009
2025-05-06 21:07:55.007,94742.59542490661
2025-05-06 22:09:48.663,95136.89593991211
2025-05-06 23:09:28.708,96288.68626769505
2025-05-07 00:09:30.173,96815.80313214885
2025-05-07 01:09:05.761,97454.99383963464
2025-05-07 02:09:46.452,97205.98482172143
2025-05-07 03:09:40.556,96547.14987059082
2025-05-07 04:12:27.375,96556.62015334367
2025-05-07 05:24:27.734,96491.500021853
2025-05-07 06:03:44.021,96354.63080106633
2025-05-07 07:04:49.369,96538.03334234984
2025-05-07 08:09:29.916,96925.96210528578
2025-05-07 09:04:47.114,97003.63646893593
2025-05-07 10:02:41.560,96986.15290872475
2025-05-07 11:09:49.364,96986.48455649219
2025-05-07 12:02:10.150,97017.36703189345
2025-05-07 13:02:11.284,96968.99773463995
2025-05-07 14:08:13.301,97041.28165831216
2025-05-07 15:04:58.086,96946.47681288401
2025-05-07 16:03:13.531,96941.07608759051
2025-05-07 17:09:41.769,96863.98868038424
2025-05-07 18:03:11.534,96212.81842184125
2025-05-07 19:04:09.366,96306.502609734
2025-05-07 20:06:50.645,96148.7571218679
2025-05-07 21:01:26.385,96623.98416478802
2025-05-07 22:04:48.823,97096.195573126
2025-05-07 23:07:58.517,97277.49264928911
2025-05-08 00:04:54.590,97035.80181467332
2025-05-08 01:09:31.406,97921.8716635437
2025-05-08 02:08:57.651,97950.20260938423
2025-05-08 03:26:43.689,98712.46826631304
2025-05-08 04:04:52.671,99037.21087966081
2025-05-08 05:04:48.012,99095.08778875701
2025-05-08 06:04:25.735,98684.10898485525
2025-05-08 07:04:33.476,98990.04978777783
2025-05-08 08:04:43.416,99109.17249310363
2025-05-08 09:04:46.578,99645.29105191333
2025-05-08 10:04:46.753,99763.50394686138
2025-05-08 11:04:39.179,99810.2089598869
2025-05-08 12:04:49.477,99572.56913879959
2025-05-08 13:04:21.761,99380.82080975642
2025-05-08 14:01:45.550,99445.01176371268
2025-05-08 15:03:22.293,99883.30449934515
2025-05-08 16:01:55.878,101783.94854609821
2025-05-08 17:04:43.568,101397.34207827682
2025-05-08 18:04:23.654,101112.06155180026
2025-05-08 19:09:16.080,101327.33984258387
2025-05-08 20:04:26.488,101156.28787384083
2025-05-08 21:04:19.979,102715.70496819356
2025-05-08 22:00:52.225,102898.7842378539
2025-05-08 23:04:32.080,102946.60364931433
2025-05-09 00:04:39.422,103155.55403424997
2025-05-09 01:05:50.479,102755.01416938983
2025-05-09 02:09:18.083,102981.92071790314
2025-05-09 03:04:17.158,102602.6120856411
2025-05-09 04:04:17.844,102431.38593811914
2025-05-09 05:04:42.226,102735.23542016957
2025-05-09 06:04:20.120,102936.7074812753
2025-05-09 07:37:44.828,103654.43206932151
2025-05-09 08:04:28.886,103775.85199443038
2025-05-09 09:04:29.393,102941.5958896605
2025-05-09 10:04:27.546,102847.4715321015
2025-05-09 12:04:48.114,102942.94358657954
2025-05-09 13:01:58.948,102928.84977016224
2025-05-09 14:02:57.488,103635.59449072609
2025-05-09 15:01:57.364,103081.79586234059
2025-05-09 16:04:10.665,102895.00436299198
2025-05-09 17:05:17.288,102560.61383641983
2025-05-09 18:04:50.941,103192.42776451155
2025-05-09 19:04:49.274,103241.92605940854
2025-05-09 20:04:51.037,103117.03623118934
2025-05-09 21:03:40.826,103209.3836430422
2025-05-09 22:04:44.607,102977.49681924479
2025-05-09 23:02:49.216,102827.52654028965
2025-05-10 00:04:37.665,102974.90755054186
2025-05-10 01:04:44.992,102888.53800348293
2025-05-10 02:07:46.492,102993.94386197541
2025-05-10 03:04:36.887,103150.34151496418
2025-05-10 04:08:29.682,103193.12967175669
2025-05-10 05:09:15.944,103175.63967376802
2025-05-10 06:04:48.685,103323.707007908
2025-05-10 07:02:57.507,103720.78075770468
2025-05-10 08:02:45.669,103706.99371868216
2025-05-10 09:05:20.604,103647.04618455893
2025-05-10 10:04:32.269,103783.45760307356
2025-05-10 11:04:35.067,103642.37117207838
2025-05-10 12:04:33.536,103429.18395096257
2025-05-10 13:04:34.619,103695.96296897363
2025-05-10 14:01:16.758,103662.34239531834
2025-05-10 15:04:26.641,103553.53694440117
2025-05-10 16:09:17.909,103271.5104798415
2025-05-10 17:03:17.255,103416.84977404175
2025-05-10 18:04:45.119,103297.10860505837
2025-05-10 19:04:57.564,103282.46567689025
2025-05-10 20:04:27.197,103258.47973237954
2025-05-10 21:06:35.916,103226.68575713312
2025-05-10 22:04:40.243,103662.83631460686
2025-05-10 23:04:34.926,103660.87510929449
2025-05-11 00:04:39.084,104710.18767116882
2025-05-11 01:04:25.336,104407.56428821298
2025-05-11 02:09:15.115,104032.49982304672
2025-05-11 03:04:51.277,103754.34752451746
2025-05-11 04:04:33.743,104056.37170558948
2025-05-11 05:04:41.501,104155.90999828055
2025-05-11 06:04:51.730,103870.8841579018
2025-05-11 07:04:52.454,103829.80918775442
2025-05-11 08:06:18.310,103593.91838549759
2025-05-11 09:04:54.447,103851.88885800124
2025-05-11 10:04:58.584,104334.48684183184
2025-05-11 11:05:27.215,104548.72450789883
2025-05-11 12:04:48.488,104596.7005862239
2025-05-11 13:04:25.369,104642.10789268535
2025-05-11 14:03:51.944,104172.25933546464
2025-05-11 15:04:35.568,104190.60953809322
2025-05-11 16:04:58.712,104154.20587019669
2025-05-11 17:04:57.786,103961.02518029482
2025-05-11 18:09:22.284,104038.3347814099
2025-05-11 19:04:45.220,104565.14537131102
2025-05-11 20:04:27.577,104461.60521897068
2025-05-11 21:04:56.268,104294.14065447195
2025-05-11 22:04:59.902,104332.65737615807
2025-05-11 23:03:08.661,103785.595389775
2025-05-12 00:04:57.739,104083.02280094857
2025-05-12 01:09:33.733,104632.60236125204
2025-05-12 02:01:56.643,104010.92730451525
2025-05-12 03:04:44.612,103878.99122372338
2025-05-12 04:03:13.289,104025.9851010989
2025-05-12 05:01:41.068,104015.37994237608
2025-05-12 06:01:50.339,103922.92947191757
2025-05-12 07:04:45.494,104385.93976669859
2025-05-12 08:09:32.357,104345.64506752802
2025-05-12 09:03:41.094,104580.96675487966
2025-05-12 10:04:37.114,104442.91913640256
2025-05-12 11:03:09.925,104427.94756195355
2025-05-12 12:02:22.056,103839.45870520416
2025-05-12 13:04:51.035,103996.90080969327
2025-05-12 14:03:24.602,104265.08276082827
2025-05-12 15:04:37.769,102956.96335456427
2025-05-12 16:03:14.699,102540.50604756521
2025-05-12 17:04:38.239,102896.58742159072
2025-05-12 18:04:58.475,102638.94133473857
2025-05-12 19:07:20.125,101758.10895980781
2025-05-12 20:04:59.903,101821.24819695739
2025-05-12 21:04:45.135,102722.17829371417
2025-05-12 22:09:18.243,102535.07438971548
2025-05-12 23:04:26.321,102853.64407073468
2025-05-13 00:04:54.761,102822.91679502407
2025-05-13 01:04:59.798,102341.3693907083
2025-05-13 02:04:57.284,102438.5006522079
2025-05-13 03:02:31.479,102023.67064825837
2025-05-13 04:04:41.143,101749.06016032975
2025-05-13 05:04:52.999,102691.31422765224
2025-05-13 06:01:04.658,102374.73819318778
2025-05-13 07:04:55.576,102502.1318967532
2025-05-13 08:02:10.510,102663.9087874314
2025-05-13 09:04:52.839,102737.32382836587
2025-05-13 10:04:51.707,103476.25686228045
2025-05-13 11:04:50.315,103528.56498547425
2025-05-13 12:04:50.096,103711.10493023827
2025-05-13 13:09:11.149,103723.99690271963
2025-05-13 14:06:50.452,103707.01836525789
2025-05-13 15:02:14.402,103122.1652700943
2025-05-13 16:05:00.386,103635.82838474064
2025-05-13 17:04:48.074,103860.8913290485
2025-05-13 18:01:42.624,104193.24996458978
2025-05-13 19:04:43.717,104303.9664067448
2025-05-13 20:04:41.364,104778.26218485396
2025-05-13 21:02:49.134,104595.44088503523
2025-05-13 22:09:02.036,104328.02983968919
2025-05-13 23:04:28.482,104235.96595683586
2025-05-14 00:04:55.247,104184.49039270742
2025-05-14 01:04:38.428,103917.7359966492
2025-05-14 02:04:47.816,103858.60396107004
2025-05-14 03:04:23.157,103700.05269875677
2025-05-14 04:07:25.977,103556.45885636128
2025-05-14 05:04:14.941,103700.90096775675
2025-05-14 06:04:46.847,103878.53354621866
2025-05-14 07:07:14.462,103717.46530373387
2025-05-14 08:02:25.693,103663.5497768388
2025-05-14 09:04:40.480,103468.82472880279
2025-05-14 10:03:59.301,103293.13171967196
2025-05-14 11:04:56.362,103746.51631775557
2025-05-14 12:09:09.247,103975.28155532911
2025-05-14 13:06:10.803,104129.23681507706
2025-05-14 14:04:29.437,103949.55688600815
2025-05-14 15:18:26.230,103240.50497954589
2025-05-14 16:04:49.308,103411.5875926134
2025-05-14 17:06:29.909,103410.52259318183
2025-05-14 18:11:37.277,103236.43383121496
2025-05-14 19:04:41.943,103360.77315539285
2025-05-14 20:09:55.331,103462.91792934247
2025-05-14 21:04:55.158,103541.32991390128
2025-05-14 22:05:59.187,103616.5641306095
2025-05-14 23:04:39.457,103500.55803017515
2025-05-15 00:01:30.831,103546.46918182234
2025-05-15 01:07:45.691,103798.18025222377
2025-05-15 02:07:41.935,103147.88093550252
2025-05-15 03:06:32.292,103089.72958890599
2025-05-15 04:09:06.605,102815.83535741437
2025-05-15 05:04:42.645,102905.98275243046
2025-05-15 06:09:54.305,102431.01681734665
2025-05-15 07:09:03.317,102306.61847027586
2025-05-15 08:04:47.926,101842.9630220415
2025-05-15 09:09:55.460,102228.46374839121
2025-05-15 10:09:46.624,101775.76120644069
2025-05-15 11:09:47.897,101829.9751948105
2025-05-15 12:09:29.901,102312.39420890273
2025-05-15 13:04:54.118,102608.73433980295
2025-05-15 14:06:34.803,102271.11362732355
2025-05-15 15:04:50.299,101853.27241327312
2025-05-15 16:04:55.461,103086.80093931165
2025-05-15 17:07:31.765,103777.5914622185
2025-05-15 18:09:34.005,103977.5367463436
2025-05-15 19:03:02.209,103060.49374205088
2025-05-15 20:04:59.415,103087.36701019295
2025-05-15 21:04:57.432,103429.09594246546
2025-05-15 22:04:52.893,103169.59627070383
2025-05-15 23:08:50.326,103553.93506366151
2025-05-16 00:09:52.942,103782.3671140446
2025-05-16 01:09:59.990,103812.14447323454
2025-05-16 02:09:46.666,104095.83301023155
2025-05-16 03:04:37.759,104209.18515019871
2025-05-16 04:04:55.983,104106.84509644518
2025-05-16 05:09:53.147,103921.6763892081
2025-05-16 06:08:32.591,103957.37600357285
2025-05-16 07:04:55.010,103992.82840419417
2025-05-16 08:07:16.320,103754.42490400397
2025-05-16 09:09:52.578,103448.92558696079
2025-05-16 10:04:44.423,103745.43202947287
2025-05-16 11:08:18.896,103870.40503140159
2025-05-16 12:01:09.062,103672.28959796879
2025-05-16 13:04:53.085,103626.44459045639
2025-05-16 14:05:00.515,103878.14561854265
2025-05-16 15:04:01.870,103647.16205373578
2025-05-16 16:09:49.969,104160.56764282625
2025-05-16 17:04:23.203,104068.97915372228
2025-05-16 18:04:38.044,103976.81475435526
2025-05-16 19:04:59.413,103804.54780310261
2025-05-16 20:04:58.487,103799.70381025353
2025-05-16 21:04:51.917,103617.4746044224
2025-05-16 22:04:58.222,103673.4945246536
2025-05-16 23:04:33.139,103467.28985993791
2025-05-17 00:09:40.062,103533.26669721663
2025-05-17 01:04:57.036,103374.05076215406
2025-05-17 02:04:54.627,102834.21312072649
2025-05-17 03:09:36.276,103261.20227671404
2025-05-17 04:04:41.885,103427.18317517905
2025-05-17 05:06:11.449,103624.29922408522
2025-05-17 06:04:49.765,103447.46486301252
2025-05-17 07:09:34.446,103477.33282267097
2025-05-17 08:09:21.812,103461.57411690436
2025-05-17 09:09:45.561,103486.17664215172
2025-05-17 10:09:45.506,102953.19338310153
2025-05-17 11:08:16.204,102888.81365330738
2025-05-17 12:04:43.260,103006.73892894214
2025-05-17 13:04:59.926,102970.03327807052
2025-05-17 14:05:34.448,102770.92765223501
2025-05-17 15:02:24.629,103084.1477956473
2025-05-17 16:04:29.896,103048.13639309886
2025-05-17 17:08:30.636,102939.38321692156
2025-05-17 18:04:45.129,103228.47165623815
2025-05-17 19:04:11.011,103150.84851261016
2025-05-17 20:09:43.594,103190.37357819127
2025-05-17 21:04:31.186,103328.79249857902
2025-05-17 22:04:45.468,103243.00007011925
2025-05-17 23:04:50.206,103058.42662008991
2025-05-18 00:06:32.399,103194.65650649132
2025-05-18 01:04:54.044,103327.24481798257
2025-05-18 02:04:49.672,103267.63750333845
2025-05-18 03:04:56.266,103352.28257714226
2025-05-18 04:04:46.830,103299.05914787803
2025-05-18 05:05:28.844,103355.71135042422
2025-05-18 06:04:10.198,103572.153611391
2025-05-18 07:04:40.548,103454.258403256
2025-05-18 08:07:28.149,103939.79715898632
2025-05-18 09:01:59.763,103957.51238379734
2025-05-18 10:04:36.090,103932.06434509694
2025-05-18 11:00:42.740,103858.01525131274
2025-05-18 12:03:35.684,103879.27506436742
2025-05-18 13:07:50.856,103917.6748144419
2025-05-18 14:03:08.199,104358.7947429362
2025-05-18 15:05:56.300,105248.97875365856
2025-05-18 16:02:00.858,105489.05721365198
2025-05-18 17:09:45.493,105617.89582136768
2025-05-18 18:04:51.334,105225.03435811208
2025-05-18 19:01:28.391,104765.1482168906
2025-05-18 20:09:36.186,103978.61566865668
2025-05-18 21:04:46.978,104252.70272876776
2025-05-18 22:04:39.901,104348.16945412189
2025-05-18 23:04:41.679,105427.48904875397
2025-05-19 00:02:08.131,106139.68550864227
2025-05-19 01:09:40.508,105437.01050324997
2025-05-19 02:04:50.863,105096.5284516676
2025-05-19 03:05:32.868,104838.70371804148
2025-05-19 04:04:58.596,103772.36372351332
2025-05-19 05:04:42.328,103094.56691113103
2025-05-19 06:01:00.737,102967.7704388321
2025-05-19 07:04:33.396,102381.2104823244
2025-05-19 08:06:40.888,103123.7868453361
2025-05-19 09:04:59.783,103196.68223062064
2025-05-19 10:09:48.309,103065.3005647513
2025-05-19 11:04:51.669,103017.96554457302
2025-05-19 12:02:58.324,102997.32804027783
2025-05-19 13:04:52.399,102430.42377901066
2025-05-19 14:02:36.424,103154.46317414453
2025-05-19 15:07:55.091,104220.6102128076
2025-05-19 16:06:16.102,104836.37399450976
2025-05-19 17:09:54.286,105198.84427783277
2025-05-19 18:09:44.875,105400.64224825481
2025-05-19 19:02:32.435,104880.26082573306
2025-05-19 20:09:32.013,105483.24685112822
2025-05-19 21:09:50.298,105474.85779660604
2025-05-19 22:03:49.297,105370.28430321654
2025-05-19 23:02:45.398,105563.46876771093
2025-05-20 00:09:37.157,105663.20354903601
2025-05-20 01:12:29.720,105954.58937111168
2025-05-20 02:07:37.659,106518.35886707173
2025-05-20 03:04:49.896,106213.00243528716
2025-05-20 04:09:34.546,105704.92960225897
2025-05-20 05:08:33.134,106000.05837647662
2025-05-20 06:03:37.411,106180.53385959675
2025-05-20 07:03:17.624,105571.21456623028
2025-05-20 08:03:40.043,105098.96222700436
2025-05-20 09:02:23.575,105132.78539854169
2025-05-20 10:03:28.964,105335.88358591389
2025-05-20 11:03:53.561,105108.95454542089
2025-05-20 12:04:05.961,105290.92949721494
2025-05-20 13:03:37.209,104783.15991167142
2025-05-20 14:03:44.154,104387.66509118448
2025-05-20 15:03:36.675,104699.4194788197
2025-05-20 16:06:32.254,105320.90282923858
2025-05-20 17:03:32.682,105321.47853626123
2025-05-20 18:02:08.129,106214.94694946974
2025-05-20 19:03:22.368,105617.25144004321
2025-05-20 20:08:19.829,106766.70827506462
2025-05-20 21:03:46.365,106873.03984532565
2025-05-20 22:03:47.739,106605.25880615096
2025-05-20 23:03:16.299,106566.5101429697
2025-05-21 00:03:42.592,106798.53751514817
2025-05-21 01:03:55.454,106729.94892643986
2025-05-21 02:03:29.040,106745.58902176483
2025-05-21 03:03:15.136,106847.32408765871
2025-05-21 04:03:16.764,106997.00700435344
2025-05-21 05:03:29.992,107310.06807981472
2025-05-21 06:03:23.869,107571.99245510355
2025-05-21 07:03:47.381,107830.8151594922
2025-05-21 08:03:30.784,106677.38787992802
2025-05-21 09:03:28.082,106453.36873589936
2025-05-21 10:02:46.515,106229.4484508103
2025-05-21 11:03:39.287,106345.85396894008
2025-05-21 12:03:46.422,106572.18074553607
2025-05-21 13:03:43.359,106597.24663397692
2025-05-21 14:03:25.757,107167.01155046471
2025-05-21 15:02:35.411,108191.04574576017
2025-05-21 16:00:57.775,108946.19945911734
2025-05-21 17:03:19.169,109467.65393142396
2025-05-21 18:03:27.194,106858.56946008814
2025-05-21 19:03:34.288,107063.63745109698
2025-05-21 20:01:04.093,108154.12382431893
2025-05-21 21:03:20.403,108159.48051791964
2025-05-21 22:02:42.136,108373.7653509943
2025-05-21 23:03:40.849,108802.10768508335
2025-05-22 00:03:24.921,109665.86371625263
2025-05-22 01:03:36.745,109767.4267734194
2025-05-22 02:03:36.046,109884.97769208835
2025-05-22 03:03:59.557,110548.6458188241
2025-05-22 04:03:28.974,111456.20060662669
2025-05-22 05:03:17.902,111511.6774557056
2025-05-22 06:00:02.694,111390.47024942681
2025-05-22 07:03:23.413,110735.19870670425
2025-05-22 08:03:11.472,110993.06231250282
2025-05-22 09:01:26.971,110636.79648257865
2025-05-22 10:03:48.188,110686.81739374637
2025-05-22 11:08:10.974,110803.11411171874
2025-05-22 12:03:38.342,110896.84501716551
2025-05-22 13:03:43.294,111451.2862183869
2025-05-22 14:03:52.701,111191.4487025737
2025-05-22 15:03:35.687,110835.12962917982
2025-05-22 16:03:46.380,111309.92910328938
2025-05-22 17:03:26.067,111286.84890475648
2025-05-22 17:45:42.000,111750.99158125979
